{
  "build": {
    "core": "",
    "cpu": "cortex-m0plus",
    "extra_flags": [
      "-D__SAML21G18B__"
    ],
    "f_cpu": "16000000L",
    "mcu": "saml21g18b",
    "variant": ""
  },
  "debug": {
    "jlink_device": "ATSAML21G18B",
    "openocd_chipname": "at91saml21g18",
    "openocd_target": "at91samdXX",
    "svd_path": "ATSAML21G18B.svd"
  },
  "frameworks": [],
  "name": "Custom SAML21G18B Board",
  "upload": {
    "disable_flushing": false,
    "maximum_ram_size": 32768,
    "maximum_size": 262144,
    "offset_address": "0x0000",
    "protocol": "sam-ba",
    "protocols": [
      "sam-ba",
      "jlink",
      "atmel-ice",
      "blackmagic"
    ],
    "require_upload_port": false,
    "use_1200bps_touch": true,
    "wait_for_upload_port": true
  },
  "url": "https://www.microchip.com/wwwproducts/en/ATSAML21G18B",
  "vendor": "Microchip"
}
